{
  "current": {
    "colors_text": "#FFFFFF",
    "colors_background_1": "#1A1A1A",
    "colors_background_2": "#000000",
    "colors_solid_button_labels": "#FFFFFF",
    "colors_accent_1": "#000000",
    "colors_outline_button_labels": "#FFFFFF",
    "colors_accent_2": "#F5F5F5",
    "type_header_font": "assistant_n4",
    "heading_scale": 100,
    "type_body_font": "assistant_n4",
    "body_scale": 100,
    "page_width": 1200,
    "spacing_sections": 60,
    "spacing_grid_horizontal": 24,
    "spacing_grid_vertical": 24,
    "card_text_alignment": "left",
    "card_image_padding": 0,
    "card_corner_radius": 8,
    "card_border_thickness": 0,
    "card_border_opacity": 0,
    "card_shadow_opacity": 10,
    "card_shadow_horizontal_offset": 0,
    "card_shadow_vertical_offset": 0,
    "card_shadow_blur": 0,
    "buttons_radius": 4,
    "buttons_border_thickness": 2,
    "buttons_border_opacity": 100,
    "buttons_shadow_opacity": 0,
    "buttons_shadow_horizontal_offset": 0,
    "buttons_shadow_vertical_offset": 0,
    "buttons_shadow_blur": 0,
    "inputs_radius": 4,
    "inputs_border_thickness": 1,
    "inputs_border_opacity": 55,
    "inputs_shadow_opacity": 0,
    "inputs_shadow_horizontal_offset": 0,
    "inputs_shadow_vertical_offset": 0,
    "inputs_shadow_blur": 0,
    "variant_pills_radius": 40,
    "variant_pills_border_thickness": 1,
    "variant_pills_border_opacity": 55,
    "variant_pills_shadow_opacity": 0,
    "variant_pills_shadow_horizontal_offset": 0,
    "variant_pills_shadow_vertical_offset": 0,
    "variant_pills_shadow_blur": 0,
    "drawer_border_thickness": 1,
    "drawer_border_opacity": 10,
    "drawer_shadow_opacity": 0,
    "drawer_shadow_horizontal_offset": 0,
    "drawer_shadow_vertical_offset": 0,
    "drawer_shadow_blur": 0,
    "media_padding": 0,
    "media_border_thickness": 0,
    "media_border_opacity": 5,
    "media_radius": 0,
    "media_shadow_opacity": 0,
    "media_shadow_horizontal_offset": 0,
    "media_shadow_vertical_offset": 0,
    "media_shadow_blur": 0,
    "popup_border_thickness": 1,
    "popup_border_opacity": 10,
    "popup_corner_radius": 0,
    "popup_shadow_opacity": 0,
    "popup_shadow_horizontal_offset": 0,
    "popup_shadow_vertical_offset": 0,
    "popup_shadow_blur": 0,
    "badge_corner_radius": 40,
    "text_boxes_border_thickness": 0,
    "text_boxes_border_opacity": 10,
    "text_boxes_radius": 0,
    "text_boxes_shadow_opacity": 0,
    "text_boxes_shadow_horizontal_offset": 0,
    "text_boxes_shadow_vertical_offset": 0,
    "text_boxes_shadow_blur": 0,
    "cart_type": "drawer",
    "predictive_search_enabled": true,
    "sections": {
      "header": {
        "type": "header",
        "settings": {}
      },
      "footer": {
        "type": "footer",
        "settings": {}
      }
    }
  }
}
